companyName,Total_Jobs,Avg_Applications
.efficiently,1,200.0
10times,1,200.0
56 Secure,1,200.0
66degrees,1,25.0
7-Eleven,1,200.0
99Games,1,135.0
A.P. Moller - Maersk,1,155.0
AB InBev GCC India,1,39.0
AKMV Consultants,1,25.0
ALL - Accor Live Limitless,3,80.0
AVPN,1,200.0
AXISCADES,1,152.0
Able Design and Manufacturing Pvt Ltd,4,52.5
Acko,1,200.0
Acme Services,6,83.33333333333333
Actualize,1,91.0
Acuity Knowledge Partners,1,200.0
AdEngage,2,25.0
Adani Digital Labs,1,200.0
Adform,1,200.0
Adidev Herbals,1,25.0
Aditya Birla Capital,11,25.0
Aditya Birla Fashion and Retail Ltd.,3,192.66666666666666
Aditya Birla Group,1,200.0
Aftershoot,1,113.0
Agilité,1,200.0
Aimlay,1,200.0
Airtel Digital,1,200.0
Allstarconsulting1,1,25.0
AlphaSense,1,200.0
Altorise,1,200.0
Amazon,5,128.4
Amber,2,132.5
Ample Leap,1,49.0
Amplifi Capital,1,200.0
Analytics Jobs,1,25.0
Angel Recruitment,1,25.0
Antal International,3,178.0
Applied Graphics Technologies,1,25.0
Applied Materials India,1,200.0
Arcadis,2,29.5
Artha Venture Fund,1,60.0
Artista Group,1,57.0
Artivatic.ai,1,95.0
Ascendion,3,145.66666666666666
Associated Broadcasting Co. Pvt Ltd (TV9),1,111.0
Ather Energy,2,200.0
Aurum Equity Partners LLP,1,87.0
Avian WE,1,68.0
B3 - BRAIN BEHIND BRAND,1,25.0
BLKBOX.ai,1,198.0
BOX8,2,82.5
Bacardi,1,98.0
Bajo Foods,1,200.0
Barcode Entertainment : Strategic Brand Solutions,1,200.0
Benchmark Global Management Services,2,77.5
Bennett Coleman & Co. Ltd. (The Times of India),1,200.0
Bent Chair,1,28.0
BharatPe,1,200.0
BharatX,1,200.0
Biodeal Pharmaceuticals Limited,1,115.0
Black Diamond Capital Management,1,200.0
BlackRock,1,122.0
Bloom Energy,1,200.0
BluCrest Capital Advisors Private Limited,1,62.0
Blue Horizons Strategic Engineering Pvt Ltd,2,95.0
Boston Consulting Group (BCG),1,200.0
Bottomline,1,200.0
Braintrust,1,200.0
Brandope,1,65.0
Bread Financial,1,25.0
Britannia Industries Limited,4,78.25
BuildBear Labs,1,200.0
Bureau,1,30.0
Business View Asia C/O 1st Clicks,1,55.0
CIEL HR,4,119.5
CN Solutions,1,143.0
Cabot Corporation,1,37.0
Calsoft,1,68.0
Candere By Kalyan Jewellers,1,25.0
Capgemini,3,89.0
CarUdyog,1,200.0
Career Kendra,1,29.0
CareerNinja | LearnTube,1,26.0
Careerfit.ai,1,25.0
Careernet,1,84.0
Carnera Technologies Inc.,1,25.0
Carnot Technologies,1,51.0
Carrier,2,28.0
Christian Louboutin,1,77.0
Cibirix Inc.,1,80.0
Clerk-Tech,1,200.0
Cloud Counselage Pvt. Ltd.,1,25.0
Cockroach Labs,1,200.0
Coforge,3,200.0
Colgate-Palmolive,1,200.0
Collabera,1,200.0
Colliers,1,200.0
Collins Aerospace,1,200.0
Communication Crafts,1,52.0
Comviva,2,175.5
Concentrix,1,200.0
Condé Nast,1,200.0
Confluent,1,200.0
Conneqt Digital,1,55.0
Conviva,1,200.0
Corpository - A Yubi Company,1,200.0
Cotocus,1,89.0
Courtyard by Marriott,1,190.0
Creative Synergies Group,1,200.0
Creativefuel,1,25.0
Crescendo Global,1,176.0
Crompton Greaves Consumer Electricals Limited,1,183.0
Crunchy Fashion Private Limited,1,25.0
Cvent,1,25.0
Cyringe DigiMedia,1,90.0
Cytrion Software Solutions Pvt Ltd,1,26.0
DATAECONOMY,1,25.0
"DC Consultants(India,USA,Australia,GCC)",1,25.0
DC Department of Human Resources,1,25.0
DFM Foods Limited,1,200.0
DIAGEO India,2,51.0
DOHA BANK,2,200.0
DViO Digital,1,28.0
Deel,1,126.0
Delhivery,1,126.0
Denave,1,74.0
Dentsu Creative,1,98.0
Design Arc Interiors,1,141.0
Dhanvesttor,1,132.0
Dimensions HRD Consultants,2,106.5
Discover Financial Services,1,31.0
Discovered MENA,1,71.0
Disney+ Hotstar,1,25.0
"Dubai Jobs, Gulf Jobs, Jobs in Dubai, Qatar, Kuwait - Boyen Haddin & The Giant HR Consultant",11,144.0909090909091
EXL,1,200.0
EY,3,78.66666666666667
EarnYoung,1,199.0
EaseMyTrip.com,1,30.0
Eaton,3,200.0
Eazy ERP Technologies Pvt Ltd,6,25.833333333333332
Ed Explorars,1,25.0
Eleven Inc - Integrated Marketing Communications,1,27.0
Elite Foods Pvt. Ltd.,1,25.0
Elysium Capital,1,200.0
Emerson,1,114.0
Endeavor,2,135.5
Ental,1,25.0
"Envipro Engineering Pvt Ltd (Envipro, Pune)",1,200.0
Epsilon India,1,79.0
EqualizeRCM,1,85.0
Equifax,1,28.0
Eram Talent,2,160.0
Eventbrite,1,200.0
Everbest Job Placement,1,28.0
EvolveMinds-A Talent Agency,1,25.0
Experian,2,200.0
FPL Tata,1,143.0
FRND,1,200.0
FXDX,1,200.0
FashionTV India,1,34.0
Ferrero,1,40.0
Fi,1,200.0
Fictiv,1,124.0
FinLender,1,111.0
Fire Bee Techno Services Pvt Ltd,1,150.0
First American (India),1,62.0
"First Brands Group, LLC",1,164.0
FirstCry.com (BrainBees Solutions Pvt. Ltd.),4,29.5
Flags Communications Pvt. Ltd.,1,25.0
Flair Labs,1,200.0
Flex,1,200.0
Flipkart,1,200.0
Fluence,1,200.0
Flutch,1,103.0
Forbes Advisor,1,200.0
Forsta,1,200.0
Fortanix,1,200.0
Fortune Business Insights™,1,44.0
Freshworks,17,148.76470588235293
Furrl,1,200.0
Fusemachines,1,33.0
Fusion Plus Solutions Inc,1,200.0
Future Market Insights,1,104.0
GE Aerospace,1,200.0
GEP Worldwide,1,200.0
GIVA,2,167.0
GM Infotech,3,141.66666666666666
GSK,2,90.5
GVR BUSINESS TRANSFORMS,2,88.0
GVR TECHNOLABS PRIVATE LIMITED,2,80.0
Games24x7,1,200.0
GenY Medium,1,56.0
Genesys,1,200.0
Genpact,5,165.4
Getinge,1,131.0
GiftBoxes.store,1,200.0
Gilbarco Veeder-Root,1,57.0
Global AI Show,3,67.0
Global Blockchain Show,2,53.5
Godrej Group,1,200.0
Gogoro,1,152.0
Goldman Sachs,1,35.0
Google,12,130.16666666666666
Gracia Marcom,1,25.0
Grand Hyatt Mumbai,1,200.0
Graphy Inc.,1,171.0
GreenTree Advisory Services Pvt Ltd,1,105.0
Greenroom Now,1,60.0
GrowthSchool,1,25.0
Groww,1,52.0
Guardant Health,1,179.0
H2O.ai,1,107.0
HCLTech,3,200.0
HCapital Technologies Private Limited,1,200.0
HOK BEAUTY PRIVATE LIMITED,2,74.5
HONOUR,1,25.0
HTC Global Services,1,200.0
Haldiram Foods International Ltd,1,29.0
Halma plc,1,57.0
Hashone Careers,1,37.0
Havas Life Sorento,1,26.0
Healofy,2,200.0
Her Second Innings,3,32.0
Herbalife International India Pvt. Ltd.,1,44.0
Hike,1,200.0
Hindustan Colas Private Limited,1,54.0
Hindustan Recruitment,2,25.0
Hirefaast,1,25.0
HiveMinds,2,25.0
Homesfy Realty Ltd,3,25.0
Honeywell,3,57.0
Houseware,1,200.0
Hunt&Badge Consulting Pvt Ltd (A Hudson RPO Company),1,36.0
Hyperbola,1,25.0
Hypersonix Inc.,1,200.0
IBM,5,54.8
IMTS Institute,1,25.0
INDmoney,1,67.0
IQVIA,2,200.0
ImpactGuru,1,57.0
Impetus,2,176.0
InCred Global Wealth Limited,1,62.0
Indovance Inc.,1,200.0
Indus Valley Partners,1,117.0
IndusInd Bank,3,200.0
Inferigence Quotient,1,25.0
InfiHire,1,200.0
Infinitalent Consulting Pvt ltd,1,200.0
Infinite Computer Solutions,1,25.0
Infiniti Research Ltd.,3,124.33333333333333
InfoVision Inc.,1,109.0
Infosys,7,176.28571428571428
Infosys Finacle,1,200.0
InnoWave,1,79.0
Innovaccer,1,60.0
InstaAstro,1,25.0
InsuranceDekho,1,28.0
Intas Pharmaceuticals,1,94.0
Intellectual Capital HR Consulting Pvt. Ltd.,2,200.0
IntouchCX,1,172.0
Intuit,2,169.5
Intuitive Apps Inc.,2,95.5
JD Institute of Fashion Technology,1,51.0
JPMorgan Chase & Co.,1,200.0
JTS Group,1,132.0
JUSPAY,1,136.0
Jai Kisan,1,25.0
Jainytic,1,115.0
Jar,3,120.0
Jarvics Technologies,1,25.0
Jio Institute,1,193.0
Joveo,1,200.0
Jupiter Business Services Pvt. Ltd.,1,200.0
K-RY Tech Advisory,1,25.0
KPMG India,1,171.0
Kaleidoscope,1,25.0
Keka HR,1,25.0
Kinara Capital,1,43.0
Kingsmen India,1,25.0
Known-You Seed,1,200.0
Kodo,1,200.0
Kolkata Sutra,1,25.0
Konnect Insights,2,197.5
Kotak Life,3,103.66666666666667
Kotak Mahindra Bank,1,200.0
Kratikal,1,56.0
Kroll,1,96.0
Krome Dispense,2,28.5
Kudzu Infotech,3,25.0
L'Oréal,1,200.0
LMDmax Corp,1,195.0
LTIMindtree,9,148.44444444444446
LakshHR,1,200.0
Landmark Group,1,140.0
Larsen & Toubro,1,200.0
Lennox,1,199.0
Lenskart.com,1,200.0
Liangtuang Technologies,1,200.0
Liger Mobility,1,200.0
Light Up Beauty,1,79.0
Lil Pinwheel,1,25.0
LimeLitt,1,169.0
LinkedIn,6,200.0
Liqvd.Asia,1,105.0
Livspace,1,200.0
Lollypop Design Studio,1,71.0
Loop Subscriptions,1,200.0
Lords Hotels & Resorts,1,39.0
MANAGEMENT CAREERS,1,25.0
MODIFI,1,200.0
Magicbricks,1,200.0
Mahe Technologies Private Limited,4,44.25
Mahindra Group,1,25.0
MakeMyTrip,3,173.0
Mamaearth,1,118.0
Mantell Associates,1,200.0
Manvik Enterprises,1,48.0
Marcamor Consulting,1,31.0
Marquee Equity,3,200.0
Marriott Hotels,2,200.0
Masscom Corporation,1,153.0
Mastercard,1,200.0
Mavenir,1,200.0
McLaren Strategic Solutions (MSS),1,200.0
Media.net,1,200.0
Mediterranean Immigration,1,27.0
Meesho,2,200.0
MeetRecord,1,54.0
Mentorsity,1,25.0
Mercom India (formerly Mercom Communications India),1,68.0
Meril,2,48.5
Meru Data,1,85.0
MetaApply,1,36.0
MicroGenesis CADSoft Pvt. Ltd.,1,46.0
Microsoft,10,76.4
MindMap Consulting,1,25.0
Mindsphere IT Solutions Pvt Ltd,1,200.0
Mindtickle,2,200.0
Miracle Hub,1,25.0
Molex,1,119.0
Moody's Corporation,1,200.0
Mott MacDonald,1,30.0
Multi Recruit,3,26.333333333333332
NAKAD,1,185.0
NCR Atleos,1,25.0
NEC Software Solutions,1,129.0
NEWJ,1,28.0
NEXG2EN CFO LLP,1,96.0
NINO Foods,1,200.0
NSL TEXTILES LIMITED,1,200.0
NTT Ltd.,2,200.0
Natixis Services in India,1,109.0
Naukripay,3,70.33333333333333
Navi,3,137.0
News Corp,1,161.0
Nexensus,1,200.0
Nexus Hire,2,175.5
Nielsen,1,29.0
Nike,1,113.0
Nissan Motor Corporation,1,200.0
Nium,1,200.0
Nomura,1,200.0
Novus Hi-Tech,1,25.0
NuStar Technologies,1,31.0
NxtWave,9,64.55555555555556
Nymble,1,200.0
OM ENGINEERS,1,118.0
ORRA Fine Jewellery,1,25.0
Obelisk Consulting,1,35.0
Ok Lifecare Private Limited,5,25.0
Ola Electric,1,130.0
On2Cook India Pvt Ltd,1,89.0
One Little Farm,1,114.0
OneBanc,1,167.0
OptiRisk India,1,123.0
Optimum Data Analytics,1,200.0
Opus Global Services LLC,1,200.0
Oracle,2,161.0
Others,2,25.0
PERFORMENA,1,48.0
PRATech Global Private Limited,1,200.0
PTS Systems & Solutions Pvt. Ltd.,1,25.0
PTW,1,200.0
PUNO,2,25.0
PW (PhysicsWallah),2,99.5
Paytm,5,200.0
PeopleCert,1,161.0
PepsiCo,5,158.4
Percoyo Private Limited,1,25.0
Philips,1,200.0
PhonePe,2,152.0
Pierian Services,1,25.0
Pine Labs,1,59.0
Piramal Capital & Housing Finance Limited,1,25.0
Pixelvide,1,54.0
Planify Capital Limited,1,79.0
PloPdo,1,25.0
Plofold Technologies Pvt. Ltd.,1,25.0
Porter,1,50.0
Precision Medicine Group,1,200.0
Procter & Gamble,6,142.0
Publicis Sapient,1,200.0
PyjamaHR,1,28.0
Qrata,1,110.0
Qualcomm,1,200.0
Quantified HR Private Limited,1,25.0
Quantiphi,1,66.0
Quantzig,5,135.0
QuinStreet,1,195.0
Qween Network LLP,1,25.0
Rabatex Industries,1,200.0
Rabin's Photography,1,25.0
Radio Holland,1,200.0
Radius,1,200.0
Raga Designers,1,144.0
Ramyoz,1,25.0
Razorpay,2,200.0
Reach Skyline,1,25.0
Rebel Foods,1,86.0
Recykal.com,1,131.0
Redrob by McKinley Rice,3,26.333333333333332
Redrock Capital Advisors Private Limited,1,200.0
Reliance Industries Limited,1,162.0
Ridhira Living -  Building world's largest chain of Wellness Themed Resort Living Communities,1,93.0
RipplesIndia Group,1,132.0
Risk Resources LLC,1,28.0
Rysyl,1,113.0
SIS India Ltd,1,200.0
SKF India,1,87.0
SK·VISION,1,25.0
SLB,1,96.0
SUGAR Cosmetics,2,200.0
SUMISO,1,87.0
SUN PHARMA,1,50.0
SWASTIK PLACEMENT AGENCY,1,58.0
Saffron String,1,54.0
Saint-Gobain Group in India,1,54.0
Sanofi,1,36.0
Sapphire Foods India Limited,1,200.0
Sarda Group,1,111.0
Sartorius,1,112.0
Saviant Consulting,1,200.0
Schbang,2,147.0
Schwing Stetter India,1,25.0
Sheetal Jewellery House LLP,1,75.0
Shree Balaji Agora Mall,1,25.0
Siemens,1,74.0
Siemens Gamesa,1,85.0
Simpl,2,188.0
Smytten,1,77.0
Social Donut,1,25.0
SocialPilot,1,200.0
Soho Square Solutions,1,200.0
Soroco,1,121.0
SourceGrids,1,25.0
Spektra Systems,1,25.0
Spencer's Retail,1,124.0
Spinny,1,200.0
Sprinklr,2,200.0
Straive,1,200.0
Suganda Skincare,1,46.0
Sumago Infotech Pvt. Ltd.,1,92.0
Super Scholar,1,25.0
Sutherland,1,200.0
Swiggy,3,95.33333333333333
SwopStore,1,25.0
Syndigo,1,200.0
System Soft Technologies,1,200.0
T-Hub,1,200.0
TAC Security,1,56.0
TASConnect,1,200.0
TELUS International AI Data Solutions,1,200.0
THire Global Services,1,36.0
TMRW House of Brands,2,59.5
TRACTEBEL,1,200.0
TRUST,1,200.0
TTK Prestige Ltd,1,200.0
Talent Corner HR Services Pvt Ltd,3,173.66666666666666
Talent Giants Consultancy Services,1,25.0
Talent Socio(We're Hiring!!),1,200.0
TalentAhead India Pvt. Ltd.,1,200.0
Tamcherry - Zaportiv,1,25.0
Tata CLiQ,1,200.0
Tata Communications,1,200.0
Tata Consultancy Services,4,130.0
Tata Consumer Products,3,182.0
Tata Cummins,20,65.8
Tata Elxsi,1,200.0
Tata Technologies,10,130.8
TeOra,1,174.0
Teamware Solutions a division of Quantum Leap Consulting Pvt. Ltd,1,179.0
Tech Mahindra,2,152.0
Technip Energies,1,70.0
Tejoo Fashions,1,25.0
Telamon HR Solutions,1,102.0
Teqto Infotech,1,78.0
Teradata,1,200.0
Teralanx Solutions,1,95.0
Tesco Bengaluru,3,141.0
Tessolve,1,200.0
Texas Instruments,1,200.0
Texmo Industries,1,66.0
The Aroma Trace,1,117.0
The Bombay Digital Company,2,191.5
The Fashion Cosmo,1,47.0
The Leaders Hive,1,67.0
The Luxury Closet,1,200.0
The Retail Jeweller India,2,108.0
The Viral Fever,1,200.0
Thena,1,200.0
Thimblerr,1,54.0
Thirdbase,1,122.0
Tide,1,76.0
Tietoevry,1,200.0
Times And Trends Academy,1,200.0
Times Internet,1,146.0
Tiny Dot Foods,1,25.0
Tira,2,200.0
Tradenfill,2,188.0
Transmission,1,200.0
Traveloka,1,117.0
Treebo Hotels,1,96.0
True Tech Professionals,1,87.0
TrueBlue Inc.,1,137.0
Truecaller,1,154.0
Turvo Inc.,1,70.0
Twenty20 Systems,1,200.0
Typeface,1,96.0
UEIBI,1,94.0
UNISON INTERNATIONAL CONSULTING (The Recruitment Company),2,200.0
UST,1,79.0
Uber,1,200.0
Ucal Polymer Industries Ltd,1,25.0
UltraTech Cement,2,172.5
Unacademy,2,200.0
Unicorn Tech Media,1,25.0
Unilever,1,77.0
Unitile,1,91.0
UprightHC Solutions Private Limited,1,200.0
Upstox,4,95.0
Urban Company,1,147.0
Utkarsh Small Finance Bank,1,137.0
VMock,1,109.0
VOE ACADEMY,1,25.0
ValGenesis,3,47.0
Valeo,9,176.33333333333334
Vardhman Tube Mills,1,200.0
Varel Energy Solutions,1,25.0
Vasitum,1,25.0
Vendasta,1,25.0
VerSe Innovation,1,104.0
Vertex Group,1,200.0
ViewSonic,1,34.0
Vijay Tanks & Vessels (P) Ltd.,1,186.0
Vijaya Enterprises,5,38.6
Vimerse InfoTech Inc,1,187.0
Virtusa,1,95.0
Visa,1,137.0
Visanswer,9,71.88888888888889
Vista,1,200.0
Vizolt Tech Solutions Pvt Ltd,1,85.0
Votiko,1,72.0
WIN Home Inspection,1,200.0
WPP,1,200.0
WSP,1,41.0
WedMeGood: India's Top Wedding Planning App,2,25.0
Wellness Extract,1,53.0
Welspun World,4,122.0
What's Up Wellness,1,81.0
Whirlpool Corporation,2,200.0
White Cloud Brands,1,50.0
WhiteCrow Research,1,25.0
Willware Technologies,1,200.0
WinZO,1,200.0
Wipro,4,200.0
Wittypen,1,25.0
Workafella,1,188.0
X & Zero,1,25.0
Xerago,1,200.0
Xpressbees (BusyBees Logistics Solutions Pvt. Ltd.),1,25.0
Xybion Digital,1,200.0
YO HR Consultancy,4,51.5
YemPover Inc,1,58.0
Yield Engineering Systems,1,200.0
Yugen.ai,1,200.0
Yum! Digital & Tech India,1,200.0
ZF Group,1,81.0
ZOOP.ONE,1,25.0
Zamp,1,200.0
Zee Entertainment Enterprises Limited,1,118.0
Zeekers Technology Solutions Private Limited,1,42.0
Zeta,1,200.0
Zigsaw,5,25.0
Zing Restaurants,1,195.0
Zomato,1,200.0
Zypp Electric,1,46.0
aeroqube inc.,1,200.0
airtel,3,141.66666666666666
apna,1,25.0
avua,1,200.0
bigbasket.com,1,200.0
controlZ,1,200.0
deployd.io,1,64.0
eClerx,1,200.0
iBCScorp,2,112.5
iThink Logistics,1,25.0
"iitjobs, Inc.",1,152.0
insightsoftware,1,61.0
livecristle,1,200.0
magicpin,1,31.0
qikfox Cybersecurity Systems,1,200.0
rankmantra,1,83.0
walletdoc,1,200.0
yPredict.ai,1,200.0
