title,Total_Jobs
Data Scientist,47
Product Manager,34
Business Development Manager,28
Content Writer,22
Financial Analyst,20
Copywriter,19
Software Engineer,18
Mechanical Design Engineer,18
Human Resources Business Partner,17
Human Resources Manager,16
Assistant Manager | Field Sales and Servicing | B2B Sales,15
Social Media Executive,15
Web Developer,14
Associate Product Manager,12
Machine Learning Engineer,10
Finance Analyst,9
Mechanical Engineer,9
Manager - Human Resources,7
Business Development Executive,7
Product manager,7
Staff Product Manager,7
Social Media Marketing Specialist,6
Senior Product Manager,6
Business Development Manager (BDM),6
Credit Analyst,5
Area Sales Executive,5
Lead Data Scientist,5
Manufacturing Engineer,5
Sales Manager,4
Mechanical Engineer Fresher,4
Digital Marketing Executive,4
Quality Engineer,4
Copy Writer,3
Assistant Manager Human Resources,3
Senior Financial Analyst,3
Content Writing,3
Area Sales Manager,3
Digital Marketing Specialist,3
Junior Social Media Marketing Executive,3
Credit Risk Analyst,3
Equity Analyst,3
Hiring for HFM /FCCS - looking for immediate Joiner Only- Work from office --Pune/Mumbai/Bangalore,3
Data Scientists with career break-Woman,3
Deputy Manager - HR,3
Relationship Manager | Field Sales and Servicing | B2B Sales,3
"Mechanical Engineer (Canada): : $500,000/year USD",3
Staff Copywriter,2
Sr HR Generalist,2
Senior Data Scientist,2
Assistant Marketing Manager,2
Assistant Manager- Sales,2
Senior Manager - Human Resources,2
Senior Manager - HR Business Partner,2
Senior Machine Learning Engineer,2
Social Media Marketing,2
Senior Manager - Product Management,2
AI Safety Data Scientist,2
web developer,2
Software Engineer 2,2
Assistant Manager - Channel Sales,2
Software Development Engineer,2
Software Developer,2
Sales Executive,2
Senior Business Development Manager,2
Machine Learning,2
Junior Software Developer,2
Marketing Manager,2
"Mechanical Engineer (Canada) - $500,000/year USD",2
Mechanical Engineering,2
ML Engineer,2
Product Quality Engineer,2
Python Developer,2
Retail Sales Executive,2
React Developer,2
Portfolio Analyst,2
Associate - Copywriter,2
Piping Engineer,2
SDE 1,2
Junior Financial Analyst,2
Director of Business Development,2
Digital marketing freshers- Thane West,2
Financial Planning and Analysis Specialist,2
CI Business Development Executive,2
Investment Analyst,2
HR Manager,2
HR Generalist,2
Junior Content Writer,2
Human Resources Generalist,2
Firstcry.com - Content Writer,2
Data Scientist (People & HR Analytics),2
Copy Editor,2
Content Writer/Executive Administration H&S,2
Analyst - Finance,2
Aerospace Engineer,2
AI ENGINEER,1
Sr. Manager Business Development,1
Sr. Finance Analyst,1
Sr. Engineer / Assistant Manager - Mechanical,1
Sr. Data Scientist – IoT data & Satellite Analytics,1
Sr. Credit Risk Analyst,1
Sr. Associate - Financial Analyst,1
Sr Associate Human Resources,1
Software engineer (Remote),1
Software Engineer- Java,1
Assistant Manager - HR,1
Assistant Manager - Finance,1
Assistant Manager - Copywriter,1
Assistant Human Resource Manager,1
Assembly Engineer,1
Area Sales Manger / Sales Manager,1
Area Sales Manager-Goa (QR Sales),1
Content Writers / Business Writers,1
Content Writer - Blogs,1
Content Strategist,1
Web Content Writer,1
Web Application Developer,1
Web / UI Developer (HTML5 / CSS3 / JavaScript),1
Vehicle Dynamics Simulation Engineer,1
Valuation Risk Analyst,1
Valuation Analyst,1
Vacancy for__Copy Writer,1
"Vacancies Area Sales Manager, Area Sales Officer, Area Business Manager",1
Upstox - Software Development Engineer - II/III (Frontend),1
Trading Analyst,1
Territory Sales Manager - Corporate Sales,1
Technical Product Manager,1
"Team Lead, Area sales Manager & Key Account Manager- Bengaluru",1
Data Scientist - II,1
Data Scientist - 3,1
Data Scientist (AI/ML),1
Data Science Specialist,1
Data Science,1
Credit Research Analyst- High Yield,1
Credit Research Analyst,1
Credit Analyst-Home Loans,1
Credit Analyst - Investments,1
Credit Analyst (Finance Department/ Banking),1
Counter Sales Executive,1
Corporate Development Manager (Founder’s Office),1
Copywriter (Mumbai),1
Copywriter  (Social Media) 3-5Yrs,1
Copy writer,1
Content Writers Fresher,1
Digital Marketing (3-6 years),1
Digital Marketing,1
Design Engineer - Vehicle Integration,1
Design Engineer,1
"Deputy Manager, Business HR",1
Deputy General Manager Business Development,1
Deputy Area Sales Manager Goa,1
Deep Learning Engineer,1
Datascientist,1
"Data Scientists (All levels), Analytical Chemistry",1
Data Scientist- BLR HYD GGN,1
"Data Scientist, Research, Search",1
Data Scientist I,1
Data Scientist - Product,1
Data Scientist - Kochi,1
Data Scientist - Image Processing,1
Engineer Mechanical,1
Engineer / Senior Engineer / Assistant Manager - Mechanical,1
Engineer / Senior Engineer - Mechanical,1
Engineer - Mechanical,1
Elite Foods - Regional Sales Manager,1
"Editor – News, Cleantech Publications",1
Editor (Content Writer) - Mumbai,1
EaseMyTrip - Assistant Manager/Manager - Sales,1
Dy.Manager/Manager HR,1
Dy. Manager - Manager HR / ER,1
"Director, Strategic Business Development - India",1
"Director, Business Development Leader",1
Digital Marketing(Freshers),1
Digital Marketing intern,1
Digital Marketing Manager,1
Digital Marketing Associate,1
Financial Analyst - FP&A,1
Financial Analysis - Analyst,1
Finance Manager,1
Finance Intern (Equity Research),1
Finance Copywriter,1
"Finance Analyst, Processor",1
Finance Analyst - Global RTR Process,1
Finance Analyst - Accounting & Reporting,1
Finance Analyst (II),1
Field Sales Executive,1
"Features Writer, Vogue",1
FP&A Analyst,1
Executive- Social Media,1
Equity Research Analyst/Associate,1
Equity Research Analyst,1
Equity Capital Market Analyst,1
Front-end Engineer/Web Developer (SDE 1 &amp; 2),1
Fresher Software Engineer,1
Fresh HVAC Project Engineer,1
Franchisee Sales Executive,1
Firstcry - Content Writing Role,1
FirstCry - Executive - Social Media,1
Financial Services and Insurance Data Analyst,1
Financial Planning and Analysis Specialist (Only Night Shift),1
Financial Planning and Analysis,1
Financial Planning & Analysis - Retail Sector,1
Financial Planning & Analysis (FP&A),1
"Financial Analyst, Mumbai",1
"Financial Analyst, FC Ops Finance",1
Financial Analyst( Debt funding),1
Financial Analyst for All India,1
Financial Analyst - FP&A (Financial Planning Analyst),1
Business Development Manager- Interiors,1
"Business Development Manager, Mumbai, Chennai",1
"Business Development Manager, , LPA Offline Merchants",1
Business Development Manager - South India,1
Business Development Manager - MENA,1
Business Development Manager - India,1
Business Development Manager (Mumbai),1
Business Development Manager (Kochi Location),1
Global Markets - Equity Research - Analyst,1
Global Manufacturing engineer,1
Global Equity Analyst,1
Global Banking and Markets-Bengaluru Analyst Program-Analyst-Bengaluru,1
General Manager - Human Resource,1
GET,1
Full Stack Software Engineer,1
Frontend Developer,1
Human Resources Director,1
"Human Resources Business Partner - Bangalore, India",1
Human Resources Business Partner (Tech),1
Human Resources Business Manager,1
Human Resource Manager,1
Hiring Senior Business Development Manager,1
HVAC Design Engineer,1
HR Manager - Regional APAC,1
HR BP Manager,1
Content Editor,1
Content & Brand Marketing Executive (Social Media Focus),1
Chief Human Resources Officer,1
CSD Area Sales Manager,1
CAE Engineer,1
Business content writers/desk professionals,1
Business Development and Operations Manager,1
Jr. Financial Analyst,1
Jr. Finance Analyst,1
Jr. Engineer Mechanical Testing Laboratory,1
Jr engineer-Mechanical,1
Java Developer,1
Investment Banking Analyst,1
International Marketing Manager,1
International Business Development Manager,1
International Business Development Executive,1
Interesting Job Opportunity: Xpressbees - Manager - HR Business Partner - South,1
InsuranceDekho - Full Stack Software Development Engineer I - React.js/Node.js,1
"Inprocess Quality Engineer - Bommasandra, Bangalore",1
India Business Development Manager,1
Immediate opening for Data Scientist- Delhi (Hybrid),1
Human Resources Operations Manager,1
Human Resources Executive/ HR Generalist,1
Machine Learning Engineer (Python / NLP),1
MACHINE LEARNING AI PLATFORM ENGINEER,1
Lead Financial Analyst,1
LCS Sales Manager,1
Kotak Life Suraksha Samarth Bal - Ex-Servicemen Hiring - L-3 - Sales- Manager - All Locations,1
Key Account Manager- Jaipur (QR Sales),1
Key Account Manager : Pune (QR Sales ),1
Junior Web Developer,1
Junior Marketing Associate - Social Media,1
Junior ML Engineer,1
Junior Full Stack Engineer,1
Junior Frontend Web Developer,1
Junior FP&A,1
Junior Engineer - Locomotive NDT Quality,1
Jr. Web Developer,1
Jr. Frontend Developer,1
Business Development Director,1
Bigbasket - Software Development Engineer - Test - Manual Testing,1
BIW Process Engineer (Digital Manufacturing),1
BIW Design Engineer,1
BDM (Business Development Manager),1
Automotive Mechanical Engineer,1
Automobile Engineer,1
Aurum Equity Partners - Analyst - Investment Banking,1
Manager - Business Development,1
Manager - Brand Marketing,1
Mamaearth - Assistant Manager - Performance Marketing,1
Machine learning developer,1
Machine Learning Ops Engineer,1
Machine Learning Engineer - Python/SQL,1
Machine Learning Engineer - Python,1
Machine Learning Engineer - MLOps,1
Manager/Senior Manager Business Development,1
Manager- Ecommerce Marketing (Marketplace),1
Manager- Customer Retention Marketing,1
"Manager, Marketing Regional Brands",1
"Manager, Business HR",1
"Manager – Sales, Indore",1
"Manager – Marketing, D2C",1
Manager Product - Denim,1
Manager Business Development - International Programs,1
Manager / Senior Manager - Human Resources,1
Manager / Senior Manager (Business Development & Partnerships),1
Business Development Manager (AGM),1
Business Development Manager ( NBFC),1
Business Development GM,1
Business Development Executive Adfors,1
Business Development Director - CDMO,1
Mechanical engineering,1
Mechanical engineer,1
Mechanical Static Engineer (Design),1
Mechanical Maintenance Engineer  - Chakan Pune (Only Diploma Mechanical ),1
Mechanical Equipment Engineer,1
Mechanical Engineer (Saudi Arabia),1
Mechanical Engineer (Fresher),1
"Mechanical Engineer (Canada: $500,000/year USD",1
"Mechanical Engineer (Canada):; : $500,000/year USD",1
"Mechanical Engineer (Canada) : $500,000/year USD",1
"Mechanical Engineer (Canada Loc) $500,000/year USD",1
Mechanical Design Engineer– BOP/Main Plant-Thermal,1
Mechanical - Trainee Design Engineer,1
Marketing coordinator,1
Manufacturing engineer,1
Manufacturing Process Engineer,1
Product Design Engineer,1
"Product Data Scientist, Security",1
Principal Analyst - Macro (Equity)- Core Equity Research.,1
Price and Promo- Data Scientist,1
Plant Vehicle Engineer,1
Plant Simulation Engineer,1
Pharma sales executive,1
Nxtwave - Manager - Business Development/Sales,1
NxtWave - Senior HR Business Partner,1
NxtWave - Manager - Business Development/Sales,1
NxtWave - Manager - Business Development,1
NxtWave - Business Development Manager - Sales - Tamil,1
NxtWave - Business Development Manager - Sales - Odia,1
NxtWave - Business Development Manager - Sales - Hindi,1
NxtWave - Business Development Manager - Sales,1
Motor Grader Engineer.,1
Associate Finance Analyst,1
Associate Director Human Resources,1
Associate Director / Director in Business Development (AI/ML),1
Associate Analyst I - Finance,1
Assistant Sales Manager- Kalyan / Dombivli,1
Assistant Sales Manager - Noida,1
Assistant Sales Manager,1
Product Manager Credit Card,1
Product Manager - Payment Services,1
Product Manager - Millennial Banking,1
Product Manager (WFH),1
"Product Manager (Full Time, Remote)",1
Product Management Team,1
Product Innovation Manager,1
Product Engineer – Brake Friction,1
Product Engineer (1-2 Years),1
Production Engineer - Injection Molding,1
Product Strategy Manager,1
Product Owner - eLogbook,1
Product Owner - Process Manager,1
Product Owner - Platform,1
Product Manager- Healthcare,1
"Product Manager, Looker Studio",1
"Product Manager, Looker",1
"Product Manager, India & MENA",1
Asst. Manager HR,1
Associate Software Engineer,1
Associate Sales Manager,1
Associate Product Marketing Manager,1
Associate Product Manager - II,1
Associate Manager - Copywriter,1
Associate Human Resources Business Partner,1
Relationship Manager | Inside Sales and Servicing | B2B Sales,1
Regional Sales Manager (OTC Sales),1
Regional Marketing Manager,1
Regional Human Resources Manager,1
"Regional HR Manager, Employee Relations",1
Regional HR Manager (North),1
Regional HR Manager,1
Regional Business Development Manager - Emerging Markets,1
React JS Developer- Software Engineer,1
R & D Engineer- Mechanical,1
Quality Engineering Specialist,1
Python developer,1
Python Development,1
Python &amp; Machine Learning Engineer - Pandas/Numpy,1
Project Engineer - Mechanical Design,1
Project Engineer (Mechanical) (Saudi Arabia),1
Assistant Manager - Sales,1
Assistant Manager - Retention Marketing,1
Assistant Manager - New Business Development (Mumbai/Pune),1
Assistant Manager - Marketing,1
Assistant Manager - HR COE,1
Senior Business Development Manager - Alternate Accommodation,1
Sales Manager- Mohali,1
Sales Manager II,1
Sales Manager I,1
SDE-I (Full-stack Developer),1
SDE III-Front END (React.JS),1
SDE 2 - Backend,1
SDE 1 (Frontend),1
Risk Analyst,1
Retails Sales Executive,1
Required Design Engineer Mechanical_Kolkata,1
Senior Manager - Talent Acquisition,1
Senior Manager - HR Process Excellence,1
Senior Manager - Business Development and Operations/VP Business and Operation,1
Senior Manager - Business Development,1
Senior Human Resources Communications Manager,1
Senior Human Resources Business Partner,1
Senior Human Resource Manager,1
Senior Finance Manager,1
Senior Executive Relationship Manager - Business Development,1
Assistant Marketing Manager – South Asia (Unilever International),1
Assistant Marketing Manager - Gurgaon Based,1
"Assistant Manager, Business Development - India",1
Assistant Manager Sales (Pune),1
Assistant Manager Digital Marketing,1
Assistant Manager Digital & Marketing,1
Assistant Manager - Sales & Specifications,1
Social media (short creater),1
Social Media executive,1
Social Media Specialist,1
Social Media Promoter,1
Social Media Marketing Executive,1
Social Media Marketing Associate / Brand Manager,1
Social Media Executive-Fresher to 1 year,1
Social Media Executive (Fresher),1
Social Media Coordinator,1
"Senior Software Engineer, Machine Learning",1
Senior Sales Executive / Sales Manager,1
Senior Product Manager (Product Strategy),1
Senior Product Manager (Platform),1
Senior Manager – Shopper Marketing,1
Senior Manager HR Compliances,1
Senior Manager Corporate Human Resources,1
Software Engineer I,1
Software Engineer - UI,1
"Software Engineer - NLP, Machine Learning",1
Software Engineer - Intern,1
Software Engineer - Fullstack,1
Software Engineer - Frontend,1
Software Engineer - Front-end Developer,1
Software Engineer - Entry Level - Java,1
"Software Engineer - Backend (3-5yrs), Pune",1
Software Engineer - Applications,1
Software Engineer (Python),1
Software Engineer ( Intern ),1
Software Development Engineer 1 - Frontend,1
Software Development Engineer 1 (SDE-1),1
Software Development Engineer - II (Backend),1
Software Development,1
Area Manager Retail Business Development (Rest of Maharashtra),1
Area Human Resources Manager,1
Applied Scientist,1
Applied Data Scientist - 2,1
Android Developer-SDE 1 &amp; 2(Software Development Engineer),1
"Analyst/Associate, Real Assets Financing",1
Software Engineer- 2,1
"Software Engineer, Systems Infrastructure",1
"Software Engineer, Machine Learning, Google Ads",1
"Software Engineer, Core",1
"Software Engineer, AI Platform",1
Software Engineer Test,1
"Software Engineer Intern, Frontend",1
Software Engineer Intern,1
"Software Engineer II, Full Stack, Google Cloud",1
Software Engineer II,1
AI/ML Developer,1
junior social media marketing,1
hiring Jr. Digital Marketing Executive@ Ghansoli,1
full Stack Developer,1
ZEE - Assistant Manager/Manager - Marketing,1
Youtube Content Writer,1
Writer-Editor,1
WedMeGood - Manager - Business Development,1
Web developer,1
Web Developer (Front-End),1
AI and Machine Learning Engineer,1
Web DevelopeR - pune,1
Stamping Simulation Engineer,1
Sr. Sales Executive,1
Sr. Manager/Manager - Business Development,1
Sr. Manager Unit HR IR - Nanded,1
Talent Acquisition Manager,1
"Supplier Quality Assurance Engineer, India",1
Sub Editor,1
"Analyst, Financial Planning & Analysis",1
Analyst |Capital Markets & Investment Services | Gurugram,1
Analyst - Risk Management,1
Aero Seating Mechanical Design Engineer,1
"Account Manager, Ad Sales",1
Account Manager,1
Account Executive - SMB,1
AVP Business Development,1
AML/KYC Analyst,1
AML Analyst,1
AM Sales & Sales Manager,1
AI/ML consultants_GCP Build,1
AI/ML Engineer,1
